{
  "quality": {
    "124M": {
      "n_params": 124439808,
      "mean_redun": 0.906387897283501,
      "ppl_fp": 156.28457552373453
    },
    "pythia-6.9b": {
      "n_params": 6857302016,
      "mean_redun": 0.9045645541341731,
      "ppl_fp": 24.11525952633008
    }
  },
  "scaling": {
    "mlp": {
      "a": 0.005977267615624432,
      "b": 0.749554599535681,
      "r_squared": 0.01702259379959703,
      "n_points": 88
    },
    "attn": {
      "a": -0.00688683644404168,
      "b": 1.0801749510259877,
      "r_squared": 0.006094372963010963,
      "n_points": 88
    }
  },
  "calibration": []
}